cluster,year,papers,source
robotic_surgery,2023,23,arxiv
chip_eda,2000,0,arxiv
glp1_agonists,2000,17,pubmed
glp1_agonists,2001,16,pubmed
glp1_agonists,2002,37,pubmed
glp1_agonists,2003,54,pubmed
glp1_agonists,2004,64,pubmed
glp1_agonists,2005,91,pubmed
glp1_agonists,2006,124,pubmed
glp1_agonists,2007,155,pubmed
glp1_agonists,2008,196,pubmed
glp1_agonists,2009,272,pubmed
glp1_agonists,2010,339,pubmed
glp1_agonists,2011,404,pubmed
glp1_agonists,2012,535,pubmed
glp1_agonists,2013,546,pubmed
glp1_agonists,2014,683,pubmed
glp1_agonists,2015,755,pubmed
glp1_agonists,2016,858,pubmed
glp1_agonists,2017,922,pubmed
glp1_agonists,2018,1019,pubmed
glp1_agonists,2019,1062,pubmed
glp1_agonists,2020,1189,pubmed
glp1_agonists,2021,1428,pubmed
glp1_agonists,2022,1476,pubmed
glp1_agonists,2023,1769,pubmed
glp1_agonists,2024,2890,pubmed
checkpoint_inhibitors,2000,0,pubmed
checkpoint_inhibitors,2001,0,pubmed
checkpoint_inhibitors,2002,0,pubmed
checkpoint_inhibitors,2003,0,pubmed
checkpoint_inhibitors,2004,0,pubmed
checkpoint_inhibitors,2005,0,pubmed
checkpoint_inhibitors,2006,1,pubmed
checkpoint_inhibitors,2007,0,pubmed
checkpoint_inhibitors,2008,1,pubmed
checkpoint_inhibitors,2009,0,pubmed
checkpoint_inhibitors,2010,2,pubmed
checkpoint_inhibitors,2011,6,pubmed
checkpoint_inhibitors,2012,17,pubmed
checkpoint_inhibitors,2013,54,pubmed
checkpoint_inhibitors,2014,101,pubmed
checkpoint_inhibitors,2015,322,pubmed
checkpoint_inhibitors,2016,624,pubmed
checkpoint_inhibitors,2017,1016,pubmed
checkpoint_inhibitors,2018,1441,pubmed
checkpoint_inhibitors,2019,1899,pubmed
checkpoint_inhibitors,2020,2759,pubmed
checkpoint_inhibitors,2021,3283,pubmed
checkpoint_inhibitors,2022,2893,pubmed
checkpoint_inhibitors,2023,2772,pubmed
checkpoint_inhibitors,2024,3223,pubmed
mrna_therapeutics,2000,2375,pubmed
mrna_therapeutics,2001,2549,pubmed
mrna_therapeutics,2002,2835,pubmed
mrna_therapeutics,2003,3070,pubmed
mrna_therapeutics,2004,3523,pubmed
mrna_therapeutics,2005,3922,pubmed
mrna_therapeutics,2006,4240,pubmed
mrna_therapeutics,2007,4412,pubmed
mrna_therapeutics,2008,4628,pubmed
mrna_therapeutics,2009,5002,pubmed
mrna_therapeutics,2010,5573,pubmed
mrna_therapeutics,2011,5995,pubmed
mrna_therapeutics,2012,6546,pubmed
mrna_therapeutics,2013,6799,pubmed
mrna_therapeutics,2014,7092,pubmed
mrna_therapeutics,2015,7592,pubmed
mrna_therapeutics,2016,7417,pubmed
mrna_therapeutics,2017,7198,pubmed
mrna_therapeutics,2018,7274,pubmed
mrna_therapeutics,2019,7341,pubmed
mrna_therapeutics,2020,7712,pubmed
mrna_therapeutics,2021,10703,pubmed
mrna_therapeutics,2022,12464,pubmed
mrna_therapeutics,2023,9988,pubmed
mrna_therapeutics,2024,9509,pubmed
crispr,2000,0,pubmed
crispr,2001,0,pubmed
crispr,2002,0,pubmed
crispr,2003,0,pubmed
crispr,2004,1,pubmed
crispr,2005,0,pubmed
crispr,2006,0,pubmed
crispr,2007,0,pubmed
crispr,2008,0,pubmed
crispr,2009,0,pubmed
crispr,2010,1,pubmed
crispr,2011,2,pubmed
crispr,2012,4,pubmed
crispr,2013,123,pubmed
crispr,2014,457,pubmed
crispr,2015,994,pubmed
crispr,2016,1942,pubmed
crispr,2017,2830,pubmed
crispr,2018,3756,pubmed
crispr,2019,4670,pubmed
crispr,2020,5345,pubmed
crispr,2021,5961,pubmed
crispr,2022,6163,pubmed
crispr,2023,6258,pubmed
crispr,2024,6641,pubmed
car_t_cell,2000,284,pubmed
car_t_cell,2001,311,pubmed
car_t_cell,2002,316,pubmed
car_t_cell,2003,363,pubmed
car_t_cell,2004,361,pubmed
car_t_cell,2005,390,pubmed
car_t_cell,2006,386,pubmed
car_t_cell,2007,423,pubmed
car_t_cell,2008,449,pubmed
car_t_cell,2009,452,pubmed
car_t_cell,2010,490,pubmed
car_t_cell,2011,518,pubmed
car_t_cell,2012,560,pubmed
car_t_cell,2013,642,pubmed
car_t_cell,2014,723,pubmed
car_t_cell,2015,875,pubmed
car_t_cell,2016,995,pubmed
car_t_cell,2017,1178,pubmed
car_t_cell,2018,1444,pubmed
car_t_cell,2019,1760,pubmed
car_t_cell,2020,2370,pubmed
car_t_cell,2021,2908,pubmed
car_t_cell,2022,2843,pubmed
car_t_cell,2023,3140,pubmed
car_t_cell,2024,3683,pubmed
gene_therapy_aav,2000,165,pubmed
gene_therapy_aav,2001,162,pubmed
gene_therapy_aav,2002,204,pubmed
gene_therapy_aav,2003,211,pubmed
gene_therapy_aav,2004,219,pubmed
gene_therapy_aav,2005,287,pubmed
gene_therapy_aav,2006,289,pubmed
gene_therapy_aav,2007,306,pubmed
gene_therapy_aav,2008,344,pubmed
gene_therapy_aav,2009,328,pubmed
gene_therapy_aav,2010,334,pubmed
gene_therapy_aav,2011,447,pubmed
gene_therapy_aav,2012,444,pubmed
gene_therapy_aav,2013,478,pubmed
gene_therapy_aav,2014,442,pubmed
gene_therapy_aav,2015,498,pubmed
gene_therapy_aav,2016,522,pubmed
gene_therapy_aav,2017,564,pubmed
gene_therapy_aav,2018,579,pubmed
gene_therapy_aav,2019,655,pubmed
gene_therapy_aav,2020,726,pubmed
gene_therapy_aav,2021,790,pubmed
gene_therapy_aav,2022,772,pubmed
gene_therapy_aav,2023,935,pubmed
gene_therapy_aav,2024,1045,pubmed
cftr_modulators,2000,28,pubmed
cftr_modulators,2001,31,pubmed
cftr_modulators,2002,36,pubmed
cftr_modulators,2003,34,pubmed
cftr_modulators,2004,35,pubmed
cftr_modulators,2005,33,pubmed
cftr_modulators,2006,40,pubmed
cftr_modulators,2007,34,pubmed
cftr_modulators,2008,42,pubmed
cftr_modulators,2009,50,pubmed
cftr_modulators,2010,54,pubmed
cftr_modulators,2011,71,pubmed
cftr_modulators,2012,72,pubmed
cftr_modulators,2013,90,pubmed
cftr_modulators,2014,118,pubmed
cftr_modulators,2015,157,pubmed
cftr_modulators,2016,174,pubmed
cftr_modulators,2017,185,pubmed
cftr_modulators,2018,236,pubmed
cftr_modulators,2019,257,pubmed
cftr_modulators,2020,328,pubmed
cftr_modulators,2021,416,pubmed
cftr_modulators,2022,456,pubmed
cftr_modulators,2023,504,pubmed
cftr_modulators,2024,545,pubmed
continuous_glucose,2000,63,pubmed
continuous_glucose,2001,53,pubmed
continuous_glucose,2002,73,pubmed
continuous_glucose,2003,116,pubmed
continuous_glucose,2004,101,pubmed
continuous_glucose,2005,128,pubmed
continuous_glucose,2006,131,pubmed
continuous_glucose,2007,181,pubmed
continuous_glucose,2008,206,pubmed
continuous_glucose,2009,260,pubmed
continuous_glucose,2010,264,pubmed
continuous_glucose,2011,326,pubmed
continuous_glucose,2012,351,pubmed
continuous_glucose,2013,388,pubmed
continuous_glucose,2014,387,pubmed
continuous_glucose,2015,466,pubmed
continuous_glucose,2016,472,pubmed
continuous_glucose,2017,594,pubmed
continuous_glucose,2018,701,pubmed
continuous_glucose,2019,697,pubmed
continuous_glucose,2020,906,pubmed
continuous_glucose,2021,1166,pubmed
continuous_glucose,2022,1201,pubmed
continuous_glucose,2023,1263,pubmed
continuous_glucose,2024,1530,pubmed
protein_structure,2000,1702,pubmed
protein_structure,2001,1877,pubmed
protein_structure,2002,2045,pubmed
protein_structure,2003,2268,pubmed
protein_structure,2004,2612,pubmed
protein_structure,2005,2897,pubmed
protein_structure,2006,3164,pubmed
protein_structure,2007,3137,pubmed
protein_structure,2008,3404,pubmed
protein_structure,2009,3423,pubmed
protein_structure,2010,3617,pubmed
protein_structure,2011,3841,pubmed
protein_structure,2012,3956,pubmed
protein_structure,2013,4231,pubmed
protein_structure,2014,4189,pubmed
protein_structure,2015,4331,pubmed
protein_structure,2016,4209,pubmed
protein_structure,2017,4235,pubmed
protein_structure,2018,4188,pubmed
protein_structure,2019,4614,pubmed
protein_structure,2020,4942,pubmed
protein_structure,2021,5460,pubmed
protein_structure,2022,5725,pubmed
protein_structure,2023,6236,pubmed
protein_structure,2024,6868,pubmed
antibody_drug_conjugate,2000,488,pubmed
antibody_drug_conjugate,2001,509,pubmed
antibody_drug_conjugate,2002,522,pubmed
antibody_drug_conjugate,2003,400,pubmed
antibody_drug_conjugate,2004,335,pubmed
antibody_drug_conjugate,2005,341,pubmed
antibody_drug_conjugate,2006,334,pubmed
antibody_drug_conjugate,2007,348,pubmed
antibody_drug_conjugate,2008,356,pubmed
antibody_drug_conjugate,2009,408,pubmed
antibody_drug_conjugate,2010,400,pubmed
antibody_drug_conjugate,2011,558,pubmed
antibody_drug_conjugate,2012,629,pubmed
antibody_drug_conjugate,2013,714,pubmed
antibody_drug_conjugate,2014,764,pubmed
antibody_drug_conjugate,2015,906,pubmed
antibody_drug_conjugate,2016,1024,pubmed
antibody_drug_conjugate,2017,1038,pubmed
antibody_drug_conjugate,2018,1133,pubmed
antibody_drug_conjugate,2019,1202,pubmed
antibody_drug_conjugate,2020,1316,pubmed
antibody_drug_conjugate,2021,1502,pubmed
antibody_drug_conjugate,2022,1453,pubmed
antibody_drug_conjugate,2023,1651,pubmed
antibody_drug_conjugate,2024,1845,pubmed
deep_learning,2000,29,openalex
deep_learning,2001,29,openalex
deep_learning,2002,50,openalex
deep_learning,2003,45,openalex
deep_learning,2004,46,openalex
deep_learning,2005,60,openalex
deep_learning,2006,62,openalex
deep_learning,2007,61,openalex
deep_learning,2008,54,openalex
deep_learning,2009,97,openalex
deep_learning,2010,90,openalex
deep_learning,2011,117,openalex
deep_learning,2012,139,openalex
deep_learning,2013,224,openalex
deep_learning,2014,509,openalex
deep_learning,2015,1326,openalex
deep_learning,2016,2945,openalex
deep_learning,2017,6559,openalex
deep_learning,2018,12381,openalex
deep_learning,2019,19756,openalex
deep_learning,2020,26848,openalex
deep_learning,2021,33555,openalex
deep_learning,2022,37134,openalex
deep_learning,2023,43516,openalex
deep_learning,2024,49920,openalex
transformer_llm,2000,0,openalex
transformer_llm,2001,1,openalex
transformer_llm,2002,1,openalex
transformer_llm,2003,0,openalex
transformer_llm,2004,0,openalex
transformer_llm,2005,0,openalex
transformer_llm,2006,2,openalex
transformer_llm,2007,1,openalex
transformer_llm,2008,0,openalex
transformer_llm,2009,1,openalex
transformer_llm,2010,0,openalex
transformer_llm,2011,3,openalex
transformer_llm,2012,2,openalex
transformer_llm,2013,0,openalex
transformer_llm,2014,2,openalex
transformer_llm,2015,1,openalex
transformer_llm,2016,1,openalex
transformer_llm,2017,2,openalex
transformer_llm,2018,23,openalex
transformer_llm,2019,161,openalex
transformer_llm,2020,407,openalex
transformer_llm,2021,808,openalex
transformer_llm,2022,894,openalex
transformer_llm,2023,1359,openalex
transformer_llm,2024,1809,openalex
diffusion_models,2000,0,openalex
diffusion_models,2001,1,openalex
diffusion_models,2002,1,openalex
diffusion_models,2003,2,openalex
diffusion_models,2004,1,openalex
diffusion_models,2005,3,openalex
diffusion_models,2006,3,openalex
diffusion_models,2007,1,openalex
diffusion_models,2008,1,openalex
diffusion_models,2009,1,openalex
diffusion_models,2010,3,openalex
diffusion_models,2011,2,openalex
diffusion_models,2012,3,openalex
diffusion_models,2013,5,openalex
diffusion_models,2014,3,openalex
diffusion_models,2015,6,openalex
diffusion_models,2016,6,openalex
diffusion_models,2017,6,openalex
diffusion_models,2018,7,openalex
diffusion_models,2019,14,openalex
diffusion_models,2020,23,openalex
diffusion_models,2021,67,openalex
diffusion_models,2022,251,openalex
diffusion_models,2023,1314,openalex
diffusion_models,2024,2824,openalex
semiconductor_process,2000,0,openalex
semiconductor_process,2001,0,openalex
semiconductor_process,2002,0,openalex
semiconductor_process,2003,0,openalex
semiconductor_process,2004,0,openalex
semiconductor_process,2005,0,openalex
semiconductor_process,2006,0,openalex
semiconductor_process,2007,0,openalex
semiconductor_process,2008,0,openalex
semiconductor_process,2009,0,openalex
semiconductor_process,2010,0,openalex
semiconductor_process,2011,0,openalex
semiconductor_process,2012,0,openalex
semiconductor_process,2013,0,openalex
semiconductor_process,2014,1,openalex
semiconductor_process,2015,0,openalex
semiconductor_process,2016,0,openalex
semiconductor_process,2017,1,openalex
semiconductor_process,2018,0,openalex
semiconductor_process,2019,0,openalex
semiconductor_process,2020,0,openalex
semiconductor_process,2021,1,openalex
semiconductor_process,2022,0,openalex
semiconductor_process,2023,1,openalex
semiconductor_process,2024,0,openalex
gpu_computing,2000,0,openalex
gpu_computing,2001,0,openalex
gpu_computing,2002,0,openalex
gpu_computing,2003,0,openalex
gpu_computing,2004,0,openalex
gpu_computing,2005,0,openalex
gpu_computing,2006,1,openalex
gpu_computing,2007,12,openalex
gpu_computing,2008,32,openalex
gpu_computing,2009,70,openalex
gpu_computing,2010,110,openalex
gpu_computing,2011,169,openalex
gpu_computing,2012,156,openalex
gpu_computing,2013,156,openalex
gpu_computing,2014,149,openalex
gpu_computing,2015,122,openalex
gpu_computing,2016,90,openalex
gpu_computing,2017,100,openalex
gpu_computing,2018,76,openalex
gpu_computing,2019,73,openalex
gpu_computing,2020,64,openalex
gpu_computing,2021,57,openalex
gpu_computing,2022,68,openalex
gpu_computing,2023,51,openalex
gpu_computing,2024,59,openalex
robotic_surgery,2000,20,openalex
robotic_surgery,2001,34,openalex
robotic_surgery,2002,67,openalex
robotic_surgery,2003,65,openalex
robotic_surgery,2004,82,openalex
robotic_surgery,2005,97,openalex
robotic_surgery,2006,116,openalex
robotic_surgery,2007,144,openalex
robotic_surgery,2008,202,openalex
robotic_surgery,2009,244,openalex
robotic_surgery,2010,388,openalex
robotic_surgery,2011,453,openalex
robotic_surgery,2012,428,openalex
robotic_surgery,2013,483,openalex
robotic_surgery,2014,487,openalex
robotic_surgery,2015,515,openalex
robotic_surgery,2016,547,openalex
robotic_surgery,2017,567,openalex
robotic_surgery,2018,605,openalex
robotic_surgery,2019,711,openalex
robotic_surgery,2020,814,openalex
robotic_surgery,2021,899,openalex
robotic_surgery,2022,917,openalex
robotic_surgery,2024,1216,openalex
chip_eda,2001,0,openalex
chip_eda,2002,3,openalex
chip_eda,2003,5,openalex
chip_eda,2004,2,openalex
chip_eda,2005,2,openalex
chip_eda,2006,5,openalex
chip_eda,2007,2,openalex
chip_eda,2008,4,openalex
chip_eda,2009,0,openalex
chip_eda,2010,4,openalex
chip_eda,2011,11,openalex
chip_eda,2012,2,openalex
chip_eda,2013,4,openalex
chip_eda,2014,4,openalex
chip_eda,2015,10,openalex
chip_eda,2016,6,openalex
chip_eda,2017,4,openalex
chip_eda,2018,1,openalex
chip_eda,2019,6,openalex
chip_eda,2020,8,openalex
chip_eda,2021,7,openalex
chip_eda,2022,7,openalex
chip_eda,2023,10,openalex
chip_eda,2024,11,openalex
